Name,Total Occurrences,Books Found In
1079,1,"psalms"
118108,1,"psalms"
143,4,"deuteronomy;john;luke;mark"
1830,1,"3_kings"
3033,1,"proverbs"
3626,5,"ecclesiasticus;ezechiel;genesis;jeremias;psalms"
3828,4,"ecclesiasticus;exodus;genesis;jeremias"
4020,2,"exodus;genesis"
451,1,"john"
7114,1,"psalms"
7617,1,"psalms"
7728,1,"psalms"
7734,1,"psalms"
775,1,"numbers"
7751,1,"psalms"
828,9,"4_kings;acts;exodus;john;josue;judges;luke;mark;romans"
851,3,"3_kings;john;luke"
951,2,"judges;luke"
a Holy Ghost,1,"acts"
Aaron,92,"1_kings;3_kings;acts;deuteronomy;ecclesiasticus;exodus;hebrews;josue;judges;leviticus;luke;numbers;psalms;wisdom"
Abaddon,1,"apocalypse"
Abarim,3,"deuteronomy;numbers"
Abdemelech,2,"jeremias"
Abdon,1,"judges"
Abel,6,"genesis;hebrews;judges;luke;matthew"
Abel Domum Maacha,1,"4_kings"
Abela,1,"2_kings"
Abeldomum Maacha,1,"3_kings"
Abelmahula,1,"judges"
Abelmehula,1,"3_kings"
Abenboen,1,"josue"
Abesan,1,"judges"
Abeson,1,"judges"
Abi,1,"4_kings"
Abia,1,"matthew"
Abiam,2,"3_kings"
Abiasaph,1,"exodus"
Abiathar,13,"1_kings;2_kings;3_kings;mark"
Abidan,4,"numbers"
Abiel,2,"1_kings"
Abiezer,3,"josue;judges"
Abigail,6,"1_kings;2_kings"
Abimael,1,"genesis"
Abimelech,7,"2_kings;genesis;judges"
Abimelech king,1,"judges"
Abinadab,3,"1_kings;2_kings"
Abiron,2,"numbers"
Abisag,2,"3_kings"
Abisai,10,"1_kings;2_kings"
Abiu,6,"exodus;leviticus;numbers"
Abiud,1,"matthew"
Ablesatim,1,"numbers"
Abraham,73,"1_peter;2_corinthians;3_kings;4_kings;acts;baruch;daniel;deuteronomy;ecclesiasticus;exodus;ezechiel;galatians;genesis;hebrews;isaias;james;jeremias;john;josue;leviticus;luke;mark;matthew;numbers;psalms;romans;wisdom"
Absalom,11,"2_kings;3_kings;psalms"
Abundance,2,"genesis;psalms"
Accaron,8,"1_kings;4_kings;jeremias;josue;judges"
Achab,14,"3_kings;4_kings;jeremias"
Achaia,6,"1_corinthians;2_corinthians;acts"
Achaz,5,"4_kings;isaias;matthew"
Achias,1,"1_kings"
Achim,1,"matthew"
Achimaas,1,"2_kings"
Achinoam,5,"1_kings;2_kings"
Achisamech,3,"exodus"
Achitophel,4,"2_kings"
Achsaph,1,"josue"
Achzib,1,"josue"
Achziba,1,"josue"
Ada,2,"genesis"
Adad,2,"3_kings;genesis"
Adam,21,"1_corinthians;1_timothy;2_kings;deuteronomy;ecclesiastes;ecclesiasticus;genesis;jeremias;jude;luke;matthew;romans;wisdom"
Adama,1,"genesis"
Adami,1,"josue"
Adar,1,"genesis"
Adarezer,3,"2_kings;3_kings"
addeth knowledge,1,"ecclesiastes"
Adeodatus,1,"2_kings"
Adino,1,"2_kings"
Adithaim,1,"josue"
Adonias,2,"3_kings"
Adoniram,2,"3_kings"
Adonis,1,"ezechiel"
Adonisedec,1,"josue"
Adoravit,1,"genesis"
Adramelech,2,"4_kings;isaias"
Aduram,1,"genesis"
Aen,1,"josue"
Afferte Domino,1,"psalms"
Agar,1,"genesis"
Aggeus,2,"psalms"
Agrippa,2,"acts"
Ahia,1,"3_kings"
Ahias,2,"3_kings"
Ahicam,5,"4_kings;jeremias"
Ahiezar,1,"numbers"
Ahiman,2,"josue;judges"
Ahinadab,1,"3_kings"
Ahio,1,"2_kings"
Ahira,4,"numbers"
Ahod,2,"exodus;genesis"
Aia,1,"2_kings"
Aialon,4,"1_kings;josue;judges"
Aiath,1,"isaias"
Aila,1,"4_kings"
Ain,1,"josue"
Aion,1,"4_kings"
al Juda,1,"jeremias"
Alas,1,"jeremias"
Aleazar,1,"apocalypse"
Aleph,5,"lamentations;psalms"
Alexander,10,"1_timothy;2_timothy;acts;daniel;jeremias;mark"
Alexander the Great,3,"daniel;ezechiel"
Alexandria,2,"ezechiel;jeremias"
Aliam,1,"2_kings"
Alleluia,19,"apocalypse;psalms"
Almon,1,"josue"
Alpha,3,"apocalypse"
Alpheus,1,"matthew"
Alva,1,"genesis"
Amaad,1,"josue"
Amalec,2,"exodus;numbers"
Amalech,1,"genesis"
Amalecites,3,"1_kings;judges"
Aminadab,9,"canticle_of_canticles;exodus;luke;matthew;numbers;ruth"
Amma,1,"josue"
Ammiel,2,"2_kings;numbers"
Ammihel,1,"2_kings"
Ammon,34,"1_kings;2_kings;3_kings;4_kings;daniel;deuteronomy;ezechiel;genesis;isaias;jeremias;josue;judges;numbers;psalms"
Ammon ravisheth Thamar,1,"2_kings"
Ammoni,1,"2_kings"
Ammonites,3,"deuteronomy;ezechiel;judges"
Amon,4,"3_kings;4_kings;jeremias;matthew"
Amon succeedeth him,1,"4_kings"
Amorrhite,2,"exodus;judges"
Amorrhites,1,"psalms"
Amos,9,"4_kings;isaias;luke"
Amram,1,"exodus"
Amraphel,1,"genesis"
Amri,2,"3_kings;4_kings"
Amthar,1,"josue"
Anab,1,"josue"
Anamim,1,"genesis"
Ananias,4,"acts;daniel"
Anathoth,1,"josue"
Anathothite,1,"jeremias"
Andrew,10,"acts;john;luke;mark;matthew"
Angel,8,"matthew;revelation"
angustia
temporum,1,"daniel"
Anna,4,"1_kings;luke"
Annas,2,"acts;john"
Antichrist,12,"1_john;2_thessalonians;apocalypse;daniel;ezechiel;jude"
Antioch,4,"acts;galatians"
Antiochus Epiphanes,3,"daniel"
Antipas,1,"apocalypse"
Antipatris,1,"acts"
Aod,3,"judges"
Apadno,1,"daniel"
Apheca,2,"josue"
Apoc,4,"1_john;daniel;exodus;ezechiel"
Apocalypse,1,"apocalypse"
Apocalypsis Joannis,1,"apocalypse"
Apollo,2,"1_corinthians"
Apostle,6,"1_john;1_timothy;2_timothy;james;luke;titus"
Aquila,4,"1_corinthians;2_timothy;acts;romans"
Arach,1,"genesis"
Arad,3,"ezechiel;numbers"
Arada,1,"numbers"
Aram,6,"genesis;luke;matthew;numbers;ruth"
Arama,2,"1_kings;josue"
Aran,2,"genesis"
Arari,1,"2_kings"
Archelaus,1,"matthew"
Arebba,1,"josue"
Areuna,1,"2_kings"
Ariel,3,"ezechiel;isaias;numbers"
Arimathea,2,"luke;matthew"
Arioch,2,"daniel;genesis"
Armagedon,1,"apocalypse"
Armoni,1,"2_kings"
Arnon,4,"4_kings;deuteronomy;josue"
Arodites,1,"numbers"
Arphad,6,"4_kings;isaias;jeremias"
Art thou Elias,1,"john"
Artaxerxes,1,"daniel"
Artemas,1,"titus"
Asael,3,"2_kings"
Asan,3,"1_kings;josue"
Asbel,2,"genesis;numbers"
Asbelites,1,"numbers"
Ascalon,6,"1_kings;2_kings;jeremias;judges"
Ascension,1,"john"
Asedoth,3,"josue"
Asem,1,"josue"
Asemona,1,"numbers"
Aser,16,"deuteronomy;exodus;ezechiel;genesis;josue;judges;numbers"
Asergadda,1,"josue"
Asor,7,"4_kings;jeremias;josue;judges"
Asphenez,1,"daniel"
Asriel,1,"numbers"
Assos,1,"acts"
Assurim,1,"genesis"
Astyages,1,"daniel"
Athalia,1,"4_kings"
Athmatha,1,"josue"
Augustus,1,"acts"
Avah,1,"4_kings"
availeth much,1,"james"
Avim,1,"josue"
Avith,1,"genesis"
Azarias,5,"4_kings;daniel"
Azau,1,"genesis"
Azecha,1,"jeremias"
Baal,13,"3_kings;4_kings;jeremias;judges;numbers"
Baal Hermon,1,"judges"
Baal Pharasim,1,"isaias"
Baal Pharisim,1,"2_kings"
Baalath Beer,1,"josue"
Baalgad,1,"josue"
Baalim,8,"1_kings;jeremias;judges"
Baalis,1,"jeremias"
Baalmaon,1,"josue"
Baalsalisa,1,"4_kings"
Baalthamar,1,"judges"
Baana,1,"3_kings"
Babylon,24,"4_kings;apocalypse;baruch;daniel;ezechiel;isaias;jeremias;psalms"
Bala,6,"genesis;josue"
Balaam,6,"josue;numbers"
Balac,4,"josue;numbers"
Baladan,2,"4_kings;isaias"
bald head,1,"4_kings"
Balm,1,"genesis"
Baloth,1,"josue"
Baltasar,1,"daniel"
Balthasar,1,"baruch"
Bamothbaal,1,"josue"
Banaias,7,"2_kings;3_kings;ezechiel"
Bane,1,"josue"
Bara,1,"genesis"
Barabbas,4,"john;luke;mark;matthew"
Barac,1,"judges"
Barach,1,"josue"
Barachias,2,"isaias;matthew"
Barnabas,8,"acts;galatians"
Barsabas,1,"acts"
Bartholomew,4,"acts;luke;mark;matthew"
Bartimeus,1,"mark"
Basan,2,"deuteronomy;josue"
Basemath,3,"3_kings;genesis"
Bason,1,"jeremias"
Bathuel,2,"genesis"
Battlement,1,"deuteronomy"
Baziothia,1,"josue"
Beast,5,"revelation"
Beati,1,"psalms"
Beati immaculati,1,"psalms"
Bechorath,1,"1_kings"
Bedan,1,"1_kings"
Beelmeon,1,"ezechiel"
Beelsephon,1,"exodus"
Beeri,1,"genesis"
Began,1,"genesis"
begetteth death,1,"james"
Behold Abner,1,"2_kings"
Behold Adam,1,"genesis"
Behold Adonias,1,"3_kings"
Behold David,2,"1_kings"
Behold Esau,1,"genesis"
Behold Israel,1,"1_corinthians"
Behold Zebee,1,"judges"
Bel,5,"baruch;daniel;jeremias"
Bela,2,"genesis;numbers"
Benadad,6,"3_kings;4_kings;jeremias"
Bendecar,1,"3_kings"
Benedic,2,"psalms"
Benedict,1,"apocalypse"
Bengaber,1,"3_kings"
Benhur,1,"3_kings"
Benjamin,47,"1_kings;2_kings;3_kings;acts;apocalypse;deuteronomy;exodus;ezechiel;genesis;isaias;jeremias;josue;judges;numbers;psalms;romans"
Benjamites,1,"judges"
Benoni,1,"genesis"
Beon,1,"numbers"
Berea,2,"acts"
Berith,1,"judges"
Bernice,2,"acts"
Berodach Baladan,1,"4_kings"
Bersabee,9,"1_kings;2_kings;3_kings;genesis;judges"
Berzellai,4,"2_kings;3_kings"
Bete,1,"2_kings"
Beten,1,"josue"
Bethacarem,1,"jeremias"
Bethania,1,"john"
Bethanites,1,"judges"
Bethanoth,1,"josue"
Betharan,1,"numbers"
Bethbera,1,"judges"
Bethel,17,"1_kings;3_kings;4_kings;genesis;jeremias;josue;judges"
Bether,1,"canticle_of_canticles"
Bethgamul,1,"jeremias"
Bethhagla,1,"josue"
BethHagla,1,"josue"
Bethhoron,3,"josue"
Bethlehem Juda,4,"1_kings;judges;ruth"
Bethmaacha,1,"2_kings"
Bethphage,2,"luke;matthew"
Bethpheses,1,"josue"
Bethphogor,1,"josue"
Bethsabee,3,"2_kings;3_kings"
Bethsaida,6,"john;luke;mark;matthew"
Bethsamites,1,"1_kings"
Bethsan,1,"josue"
Bethsimoth,1,"josue"
Bethul,1,"josue"
Betonim,1,"josue"
Better,2,"ecclesiasticus;proverbs"
Bind,1,"matthew"
Bithynia,1,"acts"
Blastus,1,"acts"
Blessed,22,"daniel;ecclesiastes;ecclesiasticus;exodus;james;john;luke;mark;matthew;proverbs;psalms;romans"
Blessed Lady,1,"matthew"
Blessed Sacrament,1,"matthew"
Blindness,1,"4_kings"
Boab,1,"genesis"
Bocci,1,"numbers"
Bochri,1,"2_kings"
Boen,2,"josue"
Bonni,1,"2_kings"
Bonum,1,"psalms"
Booz,3,"ruth"
Booz marrieth Ruth,1,"ruth"
Booz of Rahab,1,"matthew"
Borith,1,"jeremias"
Bosom,1,"john"
Bosor,2,"josue"
breaketh friendship,1,"ecclesiasticus"
Brethren,3,"galatians;matthew;philippians"
brethren dwell,1,"deuteronomy"
Brie,1,"numbers"
bringeth death,1,"ecclesiasticus"
bringeth sin,1,"ecclesiasticus"
Bur,1,"2_kings"
bush,6,"acts;deuteronomy;exodus;luke;mark"
Buz,1,"genesis"
c 22,1,"genesis"
Caath,4,"exodus;josue;numbers"
Cades,3,"genesis;josue"
Cadesbarne,4,"deuteronomy;josue;numbers"
Cadumim,1,"judges"
Caesar Augustus,1,"luke"
Caesarea,8,"acts"
Caesarea
Philippi,1,"mark"
Cainan,2,"genesis;luke"
Caiphas,3,"john;luke"
Caleb,3,"josue;judges;numbers"
Call Chusai the Arachite,1,"2_kings"
calleth Elias,1,"matthew"
Camps,1,"genesis"
Cana,3,"john;josue"
Canaan,1,"matthew"
Caph,2,"lamentations"
Capharnaum,9,"john;luke;mark;matthew"
Cappadocia,4,"1_peter;acts;deuteronomy;jeremias"
Cariathaim,3,"ezechiel;jeremias;josue"
Carioth,1,"jeremias"
Carith,1,"3_kings"
Casaloth,1,"josue"
Cast,6,"1_kings;exodus;ezechiel;genesis;proverbs"
Cedar,2,"genesis;jeremias"
Cedron,2,"4_kings;jeremias"
Ceila,2,"1_kings;josue"
Cenez,1,"genesis"
Cephas,6,"1_corinthians;galatians;john"
Cera,1,"judges"
Cesarea Philippi,1,"matthew"
Cetura,2,"exodus;genesis"
Chalanne,1,"genesis"
Chale,1,"genesis"
Chali,1,"josue"
Cham,8,"genesis;psalms"
Chamaam,2,"2_kings;jeremias"
Chamos,2,"jeremias;judges"
Chanaan,1,"genesis"
Chanaanite,10,"3_kings;deuteronomy;genesis;josue;judges;proverbs"
Chanaanites,3,"deuteronomy;judges"
chance medley,1,"numbers"
chastiseth nations,1,"psalms"
Chebbon,1,"josue"
Cheleab,1,"2_kings"
Chelmad,1,"ezechiel"
Chene,1,"ezechiel"
Chobar,4,"ezechiel"
Chodorlahomor,1,"genesis"
Chron,3,"2_kings;exodus"
Chronicles,1,"3_kings"
Chus,1,"genesis"
Chusai,4,"2_kings"
Chusai the Arachite,1,"2_kings"
Chusan Rasathaim,1,"judges"
Cibsaim,1,"josue"
Cidimoth,1,"josue"
Cilicia,7,"acts;galatians"
Cina,1,"josue"
Cinifs,1,"exodus"
Cis,4,"1_kings;2_kings"
Cison,3,"3_kings;judges"
Claudius Lysias,1,"acts"
Clement,1,"philippians"
Cleopatra,1,"daniel"
CleopatraIbid,1,"daniel"
Clouds,1,"psalms"
Coa,1,"3_kings"
Coeli,1,"psalms"
Cohen,1,"2_kings"
Colocynthidas,1,"4_kings"
come,1,"genesis"
comitteth iniquity,1,"ezechiel"
Command Aaron,1,"leviticus"
Command Eleazar,1,"numbers"
Command Josue,1,"deuteronomy"
commandeth Eliseus,1,"4_kings"
committeth adultery,1,"luke"
committeth sin,1,"john"
COMPLETE,1,"apocalypse"
concealeth knowledge,1,"proverbs"
Concubine,1,"judges"
Confitemini Domino,5,"psalms"
Conserva,1,"psalms"
Convert us,3,"lamentations;psalms"
Coph,4,"lamentations"
Corbona,1,"matthew"
corde suo,1,"psalms"
Core,3,"genesis;numbers"
Cornelius,1,"acts"
Cosan,1,"luke"
Counsellor,1,"isaias"
creepeth therein,1,"psalms"
Crete,1,"titus"
Crispus,2,"1_corinthians;acts"
Crow,1,"mark"
Cursed,2,"galatians;jeremias"
cutteth trees,1,"ecclesiastes"
Cyrene,6,"4_kings;acts;luke;matthew"
Cyrinus,1,"luke"
Cyrus,3,"daniel;isaias"
Dabir,1,"josue"
Dabri,1,"leviticus"
Dadan,2,"genesis"
Dagon,1,"1_kings"
Dalaias,1,"jeremias"
Dalila,1,"judges"
Damaris,1,"acts"
Damascus Eliezer,1,"genesis"
Damna,1,"josue"
Dan,40,"1_kings;2_kings;3_kings;4_kings;deuteronomy;exodus;ezechiel;genesis;jeremias;josue;judges;leviticus;numbers"
Daniel,17,"daniel;ezechiel;matthew"
Daniel be,1,"daniel"
Daniel Behold,1,"daniel"
Daniel grace,1,"daniel"
Danna,1,"josue"
Daphca,1,"numbers"
Darius,4,"daniel"
Dathan,4,"deuteronomy;ecclesiasticus;numbers"
Daughter,3,"4_kings;luke;mark"
David,219,"1_kings;2_kings;2_timothy;3_kings;4_kings;acts;apocalypse;canticle_of_canticles;ecclesiastes;ecclesiasticus;ezechiel;hebrews;isaias;jeremias;john;judges;luke;mark;matthew;proverbs;psalms;romans;ruth"
David lie hid,1,"1_kings"
David relieveth Ceila,1,"1_kings"
Debbora,2,"judges"
Debora,1,"genesis"
Decapolis,1,"mark"
Deceit,1,"proverbs"
Decla,1,"genesis"
Dedan,1,"jeremias"
Defraud,1,"ecclesiasticus"
degrees louder,1,"exodus"
Dei,1,"matthew"
Delay,1,"numbers"
delivereth Jabes,1,"1_kings"
Demas,1,"philemon"
Demetrius,1,"acts"
depart,1,"deuteronomy"
Depart,15,"ecclesiasticus;exodus;genesis;isaias;lamentations;luke;matthew;numbers;psalms"
Derbe,2,"acts"
desireth evil,1,"proverbs"
desireth favour,1,"ecclesiasticus"
Desolate,1,"isaias"
Destroy,2,"daniel;psalms"
Deus,20,"psalms"
Deus Deus,2,"psalms"
Deut,3,"genesis;judges;numbers"
Deuteronomy,1,"4_kings"
Diana,2,"acts;galatians"
Dibre Haijamim,1,"4_kings"
Didymus,2,"john"
diggeth evil,1,"proverbs"
Dilexi,1,"psalms"
Dina,1,"genesis"
Diotrephes,1,"3_john"
Disan,1,"genesis"
Dison,1,"genesis"
Dispersed,1,"psalms"
dissolveth Jesus,1,"1_john"
Divided,1,"judges"
Dixit Dominus,1,"psalms"
Doeg,1,"1_kings"
doeth judgment,1,"ezechiel"
Domine,30,"psalms"
Domini,1,"psalms"
Domino,1,"psalms"
Dorda,1,"3_kings"
Dragon,6,"revelation"
drinketh unworthily,1,"1_corinthians"
driveth God,1,"deuteronomy"
Drop,1,"isaias"
Drusilla,1,"acts"
Duel,1,"numbers"
duke Ana,1,"genesis"
Duke Cenez,1,"genesis"
Duke Core,1,"genesis"
Duke Dison,1,"genesis"
duke Mabsar,1,"genesis"
Duke Magdiel,1,"genesis"
Duke Oolibama,1,"genesis"
Duma,2,"genesis;isaias"
dwelleth

1242,1,"psalms"
Edema,1,"josue"
Edom,5,"4_kings;ezechiel;genesis;isaias"
Edomite,1,"deuteronomy"
Edrai,3,"deuteronomy;josue;numbers"
Eglon,1,"judges"
Ela,6,"3_kings;4_kings;genesis"
Elath,2,"4_kings;deuteronomy"
Eleazar,1,"numbers"
Electa,1,"1_john"
Elehanan,1,"2_kings"
Eleph,1,"josue"
Eliab,2,"1_kings;numbers"
Eliacim,6,"4_kings;isaias;matthew"
Eliakim,1,"luke"
Eliam,2,"2_kings"
Elias,24,"3_kings;4_kings;apocalypse;ecclesiasticus;james;john;luke;mark;matthew;romans"
Elidad,1,"numbers"
Eliezer,3,"exodus;luke"
Elihoreph,1,"3_kings"
Elimelech,1,"ruth"
Elisa,1,"ezechiel"
Elisama,5,"jeremias;numbers"
Eliseus,12,"3_kings;4_kings;ecclesiasticus;luke"
Elmodad,1,"genesis"
Elnathan,1,"jeremias"
Eloi,1,"mark"
Eltholad,2,"josue"
Emath,13,"3_kings;4_kings;ezechiel;isaias;jeremias;josue;numbers"
Emmanuel,2,"isaias;matthew"
Emmaus,1,"luke"
Emor,1,"judges"
Emptied,1,"philippians"
Eneas,1,"acts"
Engaddi,3,"1_kings;canticle_of_canticles;josue"
Ennom,4,"4_kings;jeremias;josue"
Enoch,2,"ecclesiasticus;jude"
Enos,3,"genesis"
entereth far,1,"deuteronomy"
Envy,1,"ecclesiasticus"
Epenetus,1,"romans"
Epha,1,"genesis"
Epher,1,"3_kings"
Ephesus,14,"1_corinthians;1_timothy;2_corinthians;2_thessalonians;2_timothy;acts;apocalypse;ephesians;galatians;romans"
Ephpheta,1,"mark"
Ephra,3,"1_kings;judges"
Ephraim,38,"2_kings;3_kings;4_kings;deuteronomy;ecclesiasticus;ezechiel;genesis;isaias;jeremias;josue;judges;numbers;psalms"
Ephraim Manasses,1,"isaias"
Ephraimite,1,"judges"
Ephrathite,1,"1_kings"
Ephrem,1,"john"
Ephron,1,"genesis"
Epiphanes,1,"daniel"
Epistle,1,"1_corinthians"
Epistles,3,"2_peter;acts;colossians"
Erastus,1,"acts"
Esau,1,"genesis"
Esdras,2,"4_kings;wisdom"
Esem,1,"josue"
Eser,1,"genesis"
Esron,4,"josue;luke;matthew;ruth"
Estemo,1,"josue"
Etam,1,"judges"
Ethai,2,"2_kings"
Ethai the Gethite,1,"2_kings"
Etham,2,"exodus;numbers"
Ethan,2,"3_kings;psalms"
Ether,1,"josue"
Eunice,1,"2_timothy"
Eutychus,1,"acts"
Evangelist,1,"luke"
Eve,3,"1_timothy;2_corinthians;genesis"
Evi,1,"numbers"
Exaudi Deus,1,"psalms"
excuseth Jacob,1,"genesis"
executeth judgment,1,"jeremias"
exinanivit,1,"philippians"
Extol,2,"ecclesiasticus"
Exultate,1,"psalms"
Ezechias,11,"4_kings;ecclesiasticus;isaias;psalms"
Ezechiel,4,"ecclesiasticus;ezechiel;psalms"
Ezel,1,"1_kings"
Ezrahite,1,"3_kings"
Ezri,2,"judges"
faceth Moab,1,"numbers"
Faith,1,"james"
faithful minister,1,"colossians"
falleth under,1,"leviticus"
False Prophet,4,"revelation"
Farewell,1,"acts"
Father,106,"1_corinthians;1_john;1_peter;1_thessalonians;1_timothy;2_corinthians;2_john;2_peter;2_thessalonians;2_timothy;4_kings;acts;apocalypse;colossians;ephesians;galatians;hebrews;isaias;james;john;jude;luke;mark;matthew;philemon;philippians;psalms;romans;ruth;titus;wisdom"
Favour,1,"proverbs"
Felix,2,"acts"
Festus,2,"acts"
fig,2,"4_kings;genesis"
figs,1,"numbers"
Figs,1,"jeremias"
Fill,1,"3_kings"
Fill Sion,1,"ecclesiasticus"
findeth honey,1,"judges"
findeth me,1,"genesis"
findeth none,1,"matthew"
findeth Philip,1,"john"
findeth wisdom,1,"proverbs"
Flock,1,"genesis"
Fodder,1,"ecclesiasticus"
Fools,1,"proverbs"
Foreknown,1,"1_peter"
Forrest,1,"2_kings"
forsaken,3,"baruch;isaias"
Forsaken,1,"isaias"
forsaketh reproofs,1,"proverbs"
Forthwith,1,"genesis"
Forthwith Josue,1,"numbers"
Fulfil,1,"exodus"
Fundamenta,1,"psalms"
Gaal,1,"judges"
Gaas,1,"2_kings"
Gaba,1,"isaias"
Gabaa,15,"1_kings;2_kings;3_kings;4_kings;josue;judges"
Gabaa Hachila,1,"1_kings"
Gabaa of Benjamin,1,"1_kings"
Gabaath,3,"isaias;josue"
Gabae,1,"josue"
Gabam,1,"josue"
Gabaon,10,"2_kings;3_kings;isaias;jeremias;josue"
Gabathon,1,"josue"
Gabim,1,"isaias"
Gabriel,3,"daniel;luke"
Gad,1,"2_kings"
Gaddi,1,"numbers"
Gadi,1,"4_kings"
Gaham,1,"genesis"
Gaius,4,"2_john;3_john;acts"
Galaad,33,"1_kings;2_kings;3_kings;4_kings;canticle_of_canticles;deuteronomy;genesis;jeremias;josue;judges;numbers;psalms"
Galatia,1,"acts"
Galgal,3,"1_kings;josue"
Galilean,1,"mark"
Galileans,2,"john;luke"
Galilee,38,"3_kings;4_kings;acts;john;josue;luke;mark;matthew;numbers"
Gallio,1,"acts"
Gamaliel,4,"acts;numbers"
Gareb,2,"2_kings;jeremias"
Garizim,1,"john"
Gatham,1,"genesis"
Gatherer,1,"proverbs"
gathereth grapes,1,"ecclesiasticus"
Gazer,6,"3_kings;josue;judges"
Gazophylacia,1,"ezechiel"
Gebbethon,3,"3_kings;josue"
Gedeon,3,"judges"
Gedera,1,"josue"
Gederothaim,1,"josue"
Geennom,3,"1_kings;josue"
Gehenna,1,"matthew"
Gehon,2,"ecclesiasticus;genesis"
Gelboe,3,"1_kings;2_kings"
Gemalli,1,"numbers"
Gentile,2,"colossians;judges"
Gentiles,55,"1_corinthians;acts;canticle_of_canticles;deuteronomy;ecclesiasticus;ephesians;ezechiel;galatians;genesis;isaias;jeremias;john;josue;lamentations;luke;matthew;psalms;romans;wisdom"
Genubath,1,"3_kings"
Gera,4,"2_kings;3_kings;genesis"
gerah,1,"exodus"
Gerara,2,"genesis"
Gerasens,2,"luke;matthew"
Gergesite,3,"genesis;josue"
Gergesites,1,"genesis"
Gersam,2,"exodus"
Gerson,6,"exodus;genesis;josue;numbers"
Gessen,4,"exodus;genesis"
Gessur,1,"2_kings"
Gether,1,"genesis"
Gethremmon,2,"josue"
Gethsemani,1,"matthew"
Gezer,1,"2_kings"
Ghimel,3,"lamentations"
Giezi,3,"4_kings"
gith,1,"isaias"
giveth heed,1,"ecclesiasticus"
Goatha,1,"jeremias"
God,920,"1_corinthians;1_john;1_kings;1_peter;1_thessalonians;1_timothy;2_corinthians;2_john;2_kings;2_peter;2_thessalonians;2_timothy;3_john;3_kings;4_kings;acts;apocalypse;baruch;canticle_of_canticles;colossians;daniel;deuteronomy;ecclesiastes;ecclesiasticus;ephesians;exodus;ezechiel;galatians;genesis;hebrews;isaias;james;jeremias;john;josue;jude;judges;lamentations;leviticus;luke;mark;matthew;numbers;philemon;philippians;proverbs;psalms;revelation;romans;ruth;titus;wisdom"
Godhead,1,"colossians"
Godolias,3,"4_kings;jeremias"
goeth forwards,1,"proverbs"
goeth nigh,1,"proverbs"
goeth upon,1,"leviticus"
Gog,3,"apocalypse;ezechiel"
Golden,1,"3_kings"
Golgotha,2,"mark;matthew"
Goliath,5,"1_kings;ecclesiasticus;psalms"
Goliath the Gethite,1,"2_kings"
Good Master,1,"mark"
gore,1,"exodus"
Gosen,3,"josue"
Gospel,8,"2_corinthians;2_peter;apocalypse;colossians;galatians;luke;mark;matthew"
Gozam,1,"isaias"
Grace,19,"1_corinthians;1_peter;1_thessalonians;1_timothy;2_john;2_peter;2_timothy;colossians;ecclesiasticus;ephesians;galatians;hebrews;philemon;proverbs;romans"
Greeks,3,"acts;john;romans"
Grow,1,"genesis"
Guilty,2,"1_corinthians;james"
Gutenberg,1,"apocalypse"
Gutenberg eBooks,1,"apocalypse"
Gutenberg License,1,"apocalypse"
Haber,1,"judges"
Habsanias,1,"jeremias"
Haceldama,2,"acts;matthew"
Hachamoni,1,"2_kings"
Hadar,1,"genesis"
Hadassa,1,"josue"
Hadriel,2,"1_kings;2_kings"
Haggith,1,"2_kings"
Hai,7,"genesis;jeremias;josue"
Halcath,1,"josue"
Halhul,1,"josue"
Hamdan,1,"genesis"
Hammoth Dor,1,"josue"
Hanani,1,"3_kings"
Hananias,1,"jeremias"
Hanon,1,"2_kings"
Hapharaim,1,"josue"
Haphsiba,1,"4_kings"
harden,1,"hebrews"
Harden,1,"hebrews"
Harel,1,"ezechiel"
Hares,1,"judges"
hart,2,"canticle_of_canticles"
Haseroth,4,"deuteronomy;numbers"
Hassemon,1,"josue"
Hasten,1,"isaias"
hateth bribes,1,"proverbs"
hateth chastisement,1,"ecclesiasticus"
Hattaavah,1,"numbers"
Havoth Jair,3,"deuteronomy;judges;numbers"
Hazael,5,"3_kings;4_kings"
heareth Him,1,"john"
heareth me,1,"proverbs"
heareth the
voice,1,"isaias"
heareth us,1,"1_john"
Hearken,1,"4_kings"
Heber,3,"genesis;luke"
Hebrews,23,"1_kings;2_corinthians;3_kings;exodus;ezechiel;genesis;hebrews;matthew;philemon;psalms;ruth"
Helba,1,"judges"
Helcias,9,"4_kings;baruch;daniel;isaias;jeremias"
Heli,2,"1_kings"
Heliodorus,1,"daniel"
Helmadan,1,"luke"
Helmondeblathaim,1,"numbers"
Helvidius,1,"matthew"
Heman,2,"3_kings;genesis"
Hemor,3,"genesis;josue"
Henoch,2,"ecclesiasticus;genesis"
Hepher,3,"josue;numbers"
Heran,1,"numbers"
herein,1,"john"
Heri,1,"genesis"
Herod,7,"acts;luke;mark;matthew"
Herodias,3,"luke;mark;matthew"
Heser,1,"3_kings"
Hethite,13,"2_kings;3_kings;deuteronomy;exodus;genesis;josue;numbers"
Hevite,5,"2_kings;deuteronomy;exodus;genesis;josue"
Hira,1,"2_kings"
Hiram,5,"2_kings;3_kings;genesis"
Hiras,1,"genesis"
Hitherto,3,"daniel;jeremias;john"
hitherto thou,1,"exodus"
Hobab,1,"numbers"
Holy Ghost,67,"1_corinthians;1_john;1_peter;1_thessalonians;2_corinthians;2_peter;2_timothy;acts;colossians;ecclesiasticus;exodus;hebrews;john;jude;leviticus;luke;mark;matthew;psalms;romans;titus"
Hoof,1,"leviticus"
Horeb,4,"3_kings;deuteronomy;exodus"
Horem,1,"josue"
Horma,1,"numbers"
Horrite,1,"genesis"
Hosa,1,"josue"
Hosanna,3,"john;mark;matthew"
Hucuca,1,"josue"
Hull,1,"genesis"
Hur,2,"exodus"
Husam,1,"genesis"
Husati,1,"2_kings"
Hymeneus,2,"1_timothy;2_timothy"
I

1123,1,"2_corinthians"
I

18,1,"2_kings"
I

317,1,"1_kings"
I

35,1,"1_kings"
I Arise,1,"john"
I Be,1,"john"
i e,5,"1_kings;3_kings;ezechiel;judges;numbers"
Idithun,1,"psalms"
Immediately Sephora,1,"exodus"
Initiated,2,"numbers;psalms"
inn,2,"3_kings;genesis"
Inquire,1,"deuteronomy"
Into Aiath,1,"isaias"
Ipsa,1,"genesis"
Isa,1,"1_john"
Isaac,51,"3_kings;4_kings;acts;baruch;daniel;deuteronomy;ecclesiasticus;exodus;galatians;genesis;hebrews;james;jeremias;josue;leviticus;luke;mark;matthew;numbers;psalms;romans"
Isaias,1,"isaias"
Isaias 46,1,"matthew"
Iscariot,1,"luke"
Ismael,1,"genesis"
Ismahel,2,"jeremias"
Israel Deus,1,"psalms"
Israel Oolla,1,"ezechiel"
Israelites,2,"psalms;wisdom"
Istemo,1,"josue"
Jabel,1,"genesis"
Jabes,2,"1_kings;4_kings"
Jabin,3,"josue;judges;psalms"
Jaboc,3,"genesis;josue;judges"
Jachanan,1,"josue"
Jachin,3,"3_kings;exodus;genesis"
Jacob,109,"3_kings;4_kings;acts;baruch;deuteronomy;ecclesiasticus;exodus;ezechiel;genesis;hebrews;isaias;jeremias;john;josue;leviticus;luke;mark;matthew;numbers;psalms;romans;wisdom"
Jacob serveth Laban,1,"genesis"
Jagur,1,"josue"
Jahel,2,"judges"
Jair,5,"3_kings;deuteronomy;josue;judges;numbers"
Jairite,1,"2_kings"
Jairus,3,"luke;mark;matthew"
Jalel,1,"numbers"
James,27,"1_corinthians;acts;galatians;james;jude;luke;mark;matthew"
JAMES,1,"hebrews"
James 113,1,"genesis"
James of Alpheus,2,"acts;mark"
James the Greater,1,"luke"
James the Less,1,"mark"
James the son,1,"matthew"
Jamin,2,"exodus;genesis"
Jamne,1,"genesis"
Jamuel,2,"exodus;genesis"
Janne,1,"luke"
Janoe,2,"4_kings;josue"
Janum,1,"josue"
Japhia,1,"2_kings"
Japhie,1,"josue"
Jaramoth,1,"josue"
Jarephel,1,"josue"
Jasa,3,"deuteronomy;jeremias;numbers"
Jaser,2,"josue"
Jasher,1,"josue"
Jason,2,"acts;romans"
Jassa,1,"josue"
Jasub,2,"isaias;numbers"
Javan,1,"genesis"
Jazer,5,"2_kings;isaias;jeremias;numbers"
Jaziel,1,"genesis"
Jeabarim,1,"numbers"
Jebahar,1,"2_kings"
Jeblaam,3,"4_kings;josue;judges"
Jebnael,1,"josue"
Jebneel,1,"josue"
Jeboc,2,"deuteronomy"
Jebusite,1,"exodus"
Jebusites,2,"2_kings;3_kings"
Jebuzite,1,"exodus"
Jechelia,1,"4_kings"
Jechonias,10,"baruch;ezechiel;jeremias;matthew"
Jecmaan,1,"3_kings"
Jecsan,1,"genesis"
Jectehel,1,"4_kings"
Jecthel,1,"josue"
Jedala,1,"josue"
Jedidiah,1,"2_kings"
Jegbaa,2,"judges;numbers"
Jehovah,1,"exodus"
Jehu,6,"3_kings;4_kings"
Jehus,1,"genesis"
Jemini,1,"judges"
Jemla,1,"3_kings"
Jephleti,1,"josue"
Jephone,1,"josue"
Jephte,3,"1_kings;judges"
Jephte the Galaadite,1,"judges"
Jephtha,1,"josue"
Jephthael,1,"josue"
Jer,5,"1_kings;ezechiel;judges;psalms"
Jereboam,1,"4_kings"
Jeremias,47,"4_kings;baruch;daniel;ecclesiasticus;isaias;jeremias;lamentations;matthew;psalms"
Jeremiel,1,"jeremias"
Jerias,1,"jeremias"
Jericho,4,"ecclesiasticus;josue;judges"
Jerimoth,2,"josue"
Jerobaal,5,"1_kings;judges"
Jeroboam,13,"3_kings;4_kings;ecclesiasticus"
Jeroham,1,"1_kings"
Jeron,1,"josue"
Jerusa,1,"4_kings"
Jesbaham,1,"2_kings"
Jescha,1,"genesis"
Jeser,1,"numbers"
Jesiel,1,"numbers"
Jesimon,1,"1_kings"
Jesse,6,"acts;ecclesiasticus;isaias;luke;matthew;psalms"
Jesus,231,"1_corinthians;1_john;1_peter;1_thessalonians;1_timothy;2_corinthians;2_john;2_peter;2_thessalonians;2_timothy;acts;apocalypse;canticle_of_canticles;colossians;deuteronomy;ecclesiasticus;ephesians;ezechiel;galatians;genesis;hebrews;isaias;james;john;jude;luke;mark;matthew;philemon;philippians;psalms;revelation;romans;titus;wisdom"
Jesus
Christ,17,"1_corinthians;1_john;1_peter;2_peter;2_thessalonians;acts;colossians;ephesians;john;jude;philemon;psalms;romans"
Jesus Christ,91,"1_corinthians;1_john;1_peter;1_thessalonians;1_timothy;2_corinthians;2_john;2_peter;2_thessalonians;2_timothy;acts;apocalypse;canticle_of_canticles;colossians;ephesians;ezechiel;galatians;genesis;hebrews;isaias;james;john;jude;mark;matthew;philemon;philippians;psalms;romans;titus"
Jesus Christs,1,"philippians"
Jesus Son,1,"matthew"
Jesus the Galilean,1,"matthew"
Jesus the Son,3,"2_john;hebrews;mark"
Jeta,1,"josue"
Jetebatha,1,"numbers"
Jethela,1,"josue"
Jether,5,"1_kings;3_kings;josue;judges"
Jethra,1,"2_kings"
Jethrite,1,"2_kings"
Jethro,2,"exodus"
Jethson,1,"josue"
Jethur,1,"genesis"
Jew,2,"galatians"
Jezabel,7,"3_kings;4_kings;apocalypse;romans"
Jezebel,1,"4_kings"
Jezer,1,"numbers"
Jezonias,6,"4_kings;ezechiel;jeremias"
Jezrael,6,"2_kings;3_kings;josue;judges"
Jezrahel,9,"1_kings;2_kings;3_kings;4_kings"
Jezrahelite,2,"3_kings;4_kings"
Jim,1,"josue"
Joab,18,"1_kings;2_kings;3_kings;psalms"
Joab procureth Absaloms,1,"2_kings"
Joachin,5,"4_kings;ezechiel;jeremias"
JOACHIN,1,"baruch"
Joadan,1,"4_kings"
Joakim,16,"4_kings;baruch;daniel;ezechiel;jeremias"
Joan,1,"john"
Joanna,3,"luke"
Joas,1,"4_kings"
Joatham,3,"4_kings;judges;matthew"
Jobab,3,"genesis;josue"
Jod,1,"exodus"
Jogli,1,"numbers"
Johanan,1,"jeremias"
John,64,"1_john;2_john;acts;apocalypse;galatians;john;jude;luke;mark;matthew;revelation"
JOHN,1,"luke"
John 14,1,"luke"
John 2021,1,"romans"
John 314,1,"numbers"
John 517,1,"genesis"
John the Baptist,10,"luke;mark;matthew"
Joiada,2,"2_kings;4_kings"
Jona,1,"luke"
Jonadab,4,"2_kings;4_kings;jeremias;psalms"
Jonas,4,"4_kings;luke;matthew"
Jonathan,19,"1_kings;2_kings;3_kings;jeremias;judges"
Joppe,3,"acts"
Joram,7,"2_kings;3_kings;4_kings;matthew"
Joram king,1,"4_kings"
Jordan,18,"deuteronomy;isaias;josue;judges;mark;matthew;numbers;psalms"
Jorim,1,"luke"
Jos,2,"judges"
Josaphat,7,"3_kings;4_kings"
Josedec,1,"ecclesiasticus"
Joseph,63,"2_kings;3_kings;acts;apocalypse;deuteronomy;ecclesiasticus;exodus;ezechiel;genesis;hebrews;john;josue;judges;luke;mark;matthew;numbers;psalms;wisdom"
Joseph of Arimathea,2,"john;mark"
Joseph one,1,"ezechiel"
Josias,12,"3_kings;4_kings;ecclesiasticus;ezechiel;jeremias"
Josue,15,"ecclesiasticus;exodus;josue"
JOSUE,1,"deuteronomy"
Jota,1,"josue"
jubilee,1,"leviticus"
Jucadam,1,"josue"
Juchal,2,"jeremias"
Juda,191,"1_kings;2_kings;3_kings;4_kings;apocalypse;baruch;daniel;deuteronomy;ecclesiasticus;exodus;ezechiel;genesis;hebrews;isaias;jeremias;josue;judges;lamentations;luke;matthew;numbers;proverbs;psalms;ruth"
Judas,15,"acts;john;luke;matthew;psalms"
Judas Iscariot,8,"john;luke;mark;matthew"
Jude,5,"acts;jude;luke;mark;matthew"
Judea,19,"2_corinthians;acts;daniel;john;luke;mark;matthew;psalms"
Judea God,1,"psalms"
Judi,1,"jeremias"
Judica,2,"psalms"
Judith,1,"genesis"
Julian the
Apostate,1,"apocalypse"
Julius,1,"acts"
Junias,1,"romans"
justitiam,1,"psalms"
keepeth Israel,1,"psalms"
keepeth justice,1,"ecclesiasticus"
keepeth prudence,1,"proverbs"
kindleth strife,1,"ecclesiasticus"
King,3,"2_kings;ecclesiasticus;psalms"
King Abimelech,1,"genesis"
King Agrippa,1,"acts"
King David,1,"3_kings"
King Davids,1,"2_kings"
King Jechonias,1,"ezechiel"
King Manasses,1,"ecclesiasticus"
King Nabuchodonosor,1,"daniel"
Kings,1,"3_kings"
kinsman,7,"exodus;hebrews;jeremias;leviticus;numbers;ruth"
kissed Berzellai,1,"2_kings"
knoweth al,1,"ecclesiasticus"
knoweth God,1,"1_john"
Korah,1,"jude"
L 35,1,"genesis"
L Contra,1,"genesis"
Laabim,1,"genesis"
Laban,2,"genesis"
Labana,1,"josue"
Labanath,1,"josue"
Lady,2,"apocalypse;genesis"
Lael,1,"numbers"
Laid,1,"numbers"
Lamb,8,"revelation"
Lamech,2,"genesis"
Lamed,4,"lamentations"
LAMED,1,"psalms"
Lamuel,1,"proverbs"
Laodicea,1,"apocalypse"
Lapidoth,1,"judges"
Latrunculos,1,"4_kings"
laudem,1,"psalms"
lawIbid,1,"daniel"
Lazarus,3,"john;luke"
leaveth heirs,1,"proverbs"
Lebaoth,1,"josue"
Lecum,1,"josue"
Lesa,1,"genesis"
Lesem Dan,1,"josue"
Lev,4,"deuteronomy;numbers;psalms"
Levi,34,"1_kings;3_kings;apocalypse;deuteronomy;ecclesiasticus;exodus;ezechiel;genesis;hebrews;josue;luke;mark;numbers;psalms"
Leviathan,1,"isaias"
Levite,2,"deuteronomy;judges"
Levitical,2,"deuteronomy;hebrews"
Lia,9,"genesis;ruth"
lib,2,"apocalypse;matthew"
Libanus,29,"3_kings;4_kings;canticle_of_canticles;deuteronomy;ezechiel;isaias;jeremias;josue;numbers;psalms"
License,1,"apocalypse"
Lift,3,"genesis;isaias;psalms"
Lobni,1,"exodus"
Lodabar,1,"2_kings"
Lois,1,"2_timothy"
looketh towards,2,"exodus;josue"
looketh towards
Egypt,1,"genesis"
looketh towards
Joppe,1,"josue"
looketh towards the
east,1,"ezechiel"
Loomim,1,"genesis"
Lord,912,"1_corinthians;1_kings;1_peter;1_thessalonians;1_timothy;2_corinthians;2_kings;2_peter;2_thessalonians;2_timothy;3_kings;4_kings;acts;apocalypse;baruch;canticle_of_canticles;colossians;daniel;deuteronomy;ecclesiastes;ecclesiasticus;ephesians;exodus;ezechiel;galatians;genesis;hebrews;isaias;james;jeremias;john;josue;jude;judges;lamentations;leviticus;luke;mark;matthew;numbers;philemon;philippians;proverbs;psalms;romans;ruth;wisdom"
Lot,1,"genesis"
Lotan,1,"genesis"
Lovest,1,"john"
loveth God,1,"ecclesiasticus"
loveth knowledge,1,"proverbs"
loveth wisdom,1,"proverbs"
Lucifer,2,"ezechiel;isaias"
Lucius,2,"acts;romans"
Ludim,1,"genesis"
Luith,1,"isaias"
Luke,5,"2_timothy;colossians;ezechiel;hebrews;philemon"
LUKE,1,"mark"
Luza,4,"genesis;josue;judges"
Lycia,1,"acts"
Lysias,1,"acts"
Lystra,3,"acts"
Maacha,5,"2_kings;3_kings;genesis"
Maala,1,"josue"
Mabsam,1,"genesis"
Machir,11,"2_kings;deuteronomy;genesis;josue;judges;numbers"
Machmas,2,"1_kings"
Machmethath,2,"josue"
Madan,1,"genesis"
Madian,2,"judges"
Magdalel,1,"josue"
Magdalgad,1,"josue"
Magdalum,1,"numbers"
Magedan,1,"matthew"
Magog,2,"apocalypse;ezechiel"
Magron,1,"isaias"
Mahanaim,2,"2_kings;genesis"
Maharai,1,"2_kings"
Mahath,1,"luke"
Mahol,1,"3_kings"
Mahomet,1,"2_thessalonians"
Maid,1,"luke"
maintaineth harlots,1,"proverbs"
Majesty,1,"proverbs"
maketh haste,1,"ecclesiasticus"
Malasar,1,"daniel"
Mambre,6,"genesis"
Manahat,1,"genesis"
Manaim,2,"3_kings;josue"
Manasses,27,"4_kings;apocalypse;deuteronomy;ezechiel;genesis;josue;judges;numbers;psalms"
Manna,1,"exodus"
Maon,3,"1_kings;josue"
Mara,2,"exodus;ruth"
maranatha,1,"1_corinthians"
Maresa,1,"josue"
Mark,7,"1_peter;3_kings;acts;colossians;judges;philemon"
Mark 13,1,"ezechiel"
Mark 4,1,"luke"
Mark Thau,1,"ezechiel"
marrieth Agar,1,"genesis"
marrieth her,1,"2_kings"
marrieth Rachel,1,"genesis"
Marry,1,"ecclesiasticus"
Martha,3,"john;luke"
Mary,23,"acts;deuteronomy;exodus;john;luke;mark;matthew;numbers;romans"
Mary hath,1,"luke"
Mary Magdalen,7,"john;luke;mark;matthew"
Mary of Cleophas,1,"john"
Mary of James,1,"luke"
Mary therefore,1,"john"
Masal,1,"josue"
Maspha,6,"1_kings;3_kings;4_kings;judges"
Massa,1,"genesis"
Massem,1,"4_kings"
Mathan,1,"matthew"
Mathathias,1,"luke"
Mathlusala,1,"genesis"
Mathusala,1,"genesis"
Matt,10,"ezechiel;genesis;john;luke;mark;numbers;psalms"
Matthanias,1,"4_kings"
Matthew,7,"acts;luke;mark;matthew"
Matthias,1,"acts"
Maviael,1,"genesis"
Medad,1,"numbers"
Meddin,1,"josue"
Medemena,2,"isaias;josue"
meek,2,"matthew"
Meetabel,1,"genesis"
Melcha,6,"genesis;numbers"
Melea,1,"luke"
Melita,1,"acts"
Mello,1,"3_kings"
Melt,1,"ecclesiasticus"
Mem,4,"lamentations"
Menander,1,"colossians"
Mephaath,2,"jeremias;josue"
Merodach Baladan,1,"isaias"
Merom,1,"josue"
Mes,1,"genesis"
Messa,1,"genesis"
Messias,5,"1_john;john;luke;matthew"
Methca,1,"numbers"
Micha,1,"2_kings"
Michael,9,"apocalypse;daniel;jude;numbers;revelation"
Michael S Hart,1,"apocalypse"
Michas,2,"judges"
Michol,5,"1_kings;2_kings"
Mighty,2,"1_timothy;isaias"
Misach,3,"daniel"
Misael,3,"daniel;leviticus"
Misericordiam,1,"psalms"
Misericordias Domini,1,"psalms"
Misor,1,"josue"
Mitylene,1,"acts"
Mnason,1,"acts"
Moab,50,"1_kings;2_kings;3_kings;4_kings;daniel;deuteronomy;exodus;ezechiel;genesis;isaias;jeremias;josue;judges;numbers;psalms;ruth"
Moabites,8,"deuteronomy;isaias;jeremias;judges;numbers"
moon,2,"daniel;josue"
Mosera,1,"deuteronomy"
Moseroth,1,"numbers"
Mount Garizim,1,"josue"
mount Nebo,1,"deuteronomy"
mount Olivet,1,"matthew"
Mount Sinai,1,"exodus"
Moyses,1,"exodus"
multiplieth offerings,1,"ecclesiasticus"
Musi,2,"exodus;numbers"
Musites,1,"numbers"
My brethren,1,"james"
myrrh,7,"canticle_of_canticles;ecclesiasticus;genesis;mark;matthew;proverbs"
Myrrh,1,"psalms"
Naaman,3,"4_kings;genesis;luke"
Naaratha,1,"josue"
Naas,2,"1_kings"
Naasson,2,"luke;matthew"
Nabajoth,1,"genesis"
Nabal,1,"1_kings"
Nabat,4,"3_kings;4_kings"
Nabuchodonosor,13,"4_kings;baruch;daniel;ezechiel;jeremias"
Nabuzardan,6,"4_kings;jeremias"
Nachor,2,"genesis"
Nadab,5,"3_kings;exodus;leviticus;numbers"
Nahaliel,1,"numbers"
Nahasson,3,"numbers"
Najoth,1,"1_kings"
Namsi,2,"3_kings;4_kings"
Namuel,1,"numbers"
Narcissus,1,"romans"
Nathan,5,"2_kings;3_kings;psalms;ruth"
Nathanael,6,"john;numbers"
Nathanias,4,"4_kings;jeremias"
Nay,4,"1_kings;2_kings"
Nazarene,1,"matthew"
Nebo,2,"isaias;numbers"
Nebsan,1,"josue"
Nehemias,2,"daniel;ecclesiasticus"
Nehiel,1,"josue"
Nemrod,1,"genesis"
Nephtali,13,"2_kings;deuteronomy;isaias;josue;numbers"
Nephthali,1,"judges"
Nephtoa,1,"josue"
Ner,5,"1_kings;2_kings;3_kings"
Nergel,1,"4_kings"
Nerias,4,"baruch;jeremias"
New Asor,1,"josue"
Nicolas,1,"acts"
Niger,1,"acts"
Nineve,1,"4_kings"
Nisi Dominus,1,"psalms"
Nobe,3,"1_kings;numbers"
Noe,2,"genesis;luke"
Noema,1,"genesis"
Noemi,4,"ruth"
Nonne Deo,1,"psalms"
Nophe,1,"numbers"
Num,6,"deuteronomy;exodus;numbers;psalms"
Nun,25,"3_kings;deuteronomy;exodus;josue;judges;lamentations;numbers"
Nymphas,1,"colossians"
O King,1,"apocalypse"
O Lucifer,1,"isaias"
Obed,3,"judges;luke;ruth"
Obededom,1,"2_kings"
Oboth,1,"numbers"
Ochozath,1,"genesis"
Ochozias,9,"3_kings;4_kings"
Odollam,1,"2_kings"
Odollamite,1,"genesis"
Odullam,1,"josue"
Offer,1,"hebrews"
Oham,1,"josue"
Olivet,1,"acts"
Omar,1,"genesis"
Omega,3,"apocalypse"
Onam,1,"genesis"
Onan,3,"genesis;numbers"
Onesimus,1,"titus"
Ooliab,3,"exodus"
Oolibama,1,"genesis"
Oolla,1,"ezechiel"
Opher,3,"4_kings;genesis;josue"
Ophni,3,"1_kings;josue"
Oronaim,2,"isaias;jeremias"
Orpha,1,"ruth"
Osaias,2,"jeremias"
Osee,3,"4_kings;numbers"
Osiris,1,"3_kings"
Othoniel,3,"josue;judges"
outward appearance,1,"2_corinthians"
outward wall,1,"3_kings"
Oza,2,"2_kings;4_kings"
Ozias,3,"4_kings;isaias;matthew"
Oziel,2,"exodus;numbers"
P Alleman,1,"apocalypse"
Paraclete,2,"john"
Paralipomenon,2,"3_kings;4_kings"
partaker thereof,1,"1_corinthians"
Patmos,1,"apocalypse"
Patrui,1,"2_kings"
Paul,43,"1_corinthians;1_thessalonians;1_timothy;2_corinthians;2_peter;2_thessalonians;2_timothy;acts;colossians;ephesians;galatians;matthew;philemon;philippians;romans;titus"
Paul at Berea,1,"acts"
Paul of Samosata,1,"apocalypse"
Pergamus,1,"apocalypse"
Perge,2,"acts"
Peter,48,"1_peter;acts;galatians;james;john;luke;mark;matthew"
Phacee,1,"4_kings"
Phaleg,1,"genesis"
Phaltiel,2,"2_kings;numbers"
Phanuel,3,"3_kings;genesis;judges"
Phara,1,"judges"
Pharao,28,"2_timothy;3_kings;4_kings;deuteronomy;exodus;ezechiel;genesis;isaias;romans"
Pharao Nechao,1,"4_kings"
Phares,1,"genesis"
Pharisee,4,"acts;luke"
Pharisees,31,"acts;john;luke;mark;matthew;numbers"
Phasga,2,"josue"
Phassur,1,"jeremias"
Phau,1,"genesis"
Phebe,1,"romans"
Phegiel,4,"numbers"
Phenenna,1,"1_kings"
Phil,4,"1_john;john;romans"
Philemon,1,"philemon"
Philip,12,"acts;john;luke;mark;matthew"
Philip findeth Nathanael,1,"john"
Philistine,1,"1_kings"
Phinon,1,"genesis"
Phison,2,"ecclesiasticus;genesis"
Phua,2,"judges;numbers"
Pilate,4,"john;luke;mark;matthew"
pillageth Jerusalem,1,"3_kings"
Popilius,1,"daniel"
possesseth justice,1,"ecclesiasticus"
praiseth God,1,"psalms"
Preacher,1,"proverbs"
preacheth peace,1,"isaias"
preacheth salvation,1,"isaias"
presseth us,1,"2_corinthians"
Priapus,1,"3_kings"
Prisca,1,"romans"
Priscilla,2,"1_corinthians;acts"
Probatica,1,"john"
profiteth
nothing,1,"wisdom"
Project Gutenberg,1,"apocalypse"
Project Gutenbergs,1,"apocalypse"
prophesieth
victory,1,"4_kings"
Prophesy,1,"1_corinthians"
prophet dwelt,1,"3_kings"
prophet Eliseus,1,"4_kings"
Proverbs,1,"3_kings"
provoketh quarrels,1,"proverbs"
Psalm Chapter,1,"psalms"
Ptolemeus,1,"daniel"
Publius,1,"acts"
Putiphar,2,"genesis"
pxÃ,1,"apocalypse"
Quam,1,"psalms"
Quam dilecta,1,"psalms"
Quartus,1,"romans"
Qui,2,"psalms"
Quicken,1,"psalms"
Rabbi,2,"matthew"
Rabboth,1,"josue"
Rabsaris,1,"4_kings"
Raca,1,"matthew"
Rachel,10,"genesis;jeremias;matthew;ruth"
Ragau,1,"luke"
Raguel,1,"exodus"
Rahab,5,"hebrews;james;josue;psalms"
raiseth quarrels,1,"ecclesiasticus"
Rama,1,"isaias"
Ramath,2,"1_kings;josue"
Ramathlechi,1,"judges"
Ramoth,4,"1_kings;4_kings;deuteronomy;josue"
Ramoth Galaad,1,"4_kings"
Raphaim,2,"genesis;josue"
Rasin,5,"4_kings;isaias"
Razon,1,"3_kings"
reacheth northward,1,"josue"
Rebe,1,"numbers"
Rebecca,4,"genesis"
Rebla,1,"numbers"
Reblatha,2,"4_kings;jeremias"
Rebuke,4,"ecclesiasticus;proverbs;psalms"
Reccath,1,"josue"
Rechab,3,"2_kings;4_kings;jeremias"
Redeemer,1,"psalms"
Reema,1,"ezechiel"
Remmon,4,"4_kings;josue;judges"
Remmon the Berothite,1,"2_kings"
Remove,1,"luke"
Repeat,1,"ecclesiasticus"
Reprobates,1,"2_corinthians"
Require,1,"1_kings"
Requireth discretionIbid,1,"psalms"
Res,4,"lamentations"
Reseph,2,"4_kings;isaias"
Respha,2,"2_kings"
Ressa,1,"numbers"
Rest,1,"ruth"
Reu,1,"genesis"
revealeth mysteries,1,"daniel"
Reza,1,"luke"
Rhode,1,"acts"
rick,1,"psalms"
rigour,1,"ezechiel"
Riphath,1,"genesis"
risen,1,"romans"
Roboam,5,"3_kings;matthew"
Rogel,4,"2_kings;3_kings;josue"
Rohob,7,"2_kings;josue;judges;numbers"
Rom,1,"romans"
Roma,1,"genesis"
Romelia,2,"isaias"
Ross,1,"genesis"
Ruler,1,"jude"
Ruth,5,"matthew;ruth"
Saba,1,"ezechiel"
Sabama,3,"isaias;josue;numbers"
Saban,1,"numbers"
Sabaoth,1,"jeremias"
Sabatha,1,"genesis"
Sabbath,2,"mark;romans"
Sabellius,1,"apocalypse"
Sachacha,1,"josue"
Sadoc,8,"1_kings;2_kings;3_kings;ezechiel;matthew"
Salai,1,"3_kings"
Sale,1,"genesis"
Salebim,2,"3_kings;judges"
Saleph,1,"genesis"
Salim,1,"1_kings"
Salisa,1,"1_kings"
Salmanasar,1,"4_kings"
Salmon,2,"luke;matthew"
Salome,1,"luke"
Salomi,1,"numbers"
Salphaad,4,"josue;numbers"
Salt,2,"luke;mark"
Salute Apellas,1,"romans"
Samae,1,"2_kings"
Samaraim,1,"josue"
Samaria,5,"4_kings;acts;ezechiel"
Samaritan,1,"luke"
Samech,4,"lamentations"
Samgar,1,"judges"
Samir,2,"josue;judges"
Samma,2,"1_kings;genesis"
Samos,1,"acts"
Samothracia,1,"acts"
Samson,3,"judges"
Samuel,26,"1_kings;acts;ecclesiasticus;hebrews;jeremias;josue;judges;numbers;psalms;ruth"
Sanan,1,"josue"
Saphan,1,"4_kings"
Saphatias,1,"jeremias"
Saphon,1,"josue"
Sara,14,"1_peter;genesis;hebrews;isaias;numbers;romans"
Sarai,2,"genesis"
Saraias,2,"2_kings;jeremias"
Saraim,2,"1_kings;josue"
Sarar,1,"2_kings"
Sarasar,2,"4_kings;isaias"
Sarathasar,1,"josue"
Sardis,2,"apocalypse"
Sareas,1,"jeremias"
Sarephta,1,"3_kings"
Sargon,1,"isaias"
Saron,4,"acts;isaias;josue"
Sarua,1,"3_kings"
Sarvia,2,"1_kings;2_kings"
Sarvia Joabs,1,"2_kings"
Saul,49,"1_kings;2_kings;acts;exodus;genesis;isaias;psalms;ruth"
Saul king,1,"1_kings"
Saul of Tarsus,1,"acts"
Saul seeketh David,1,"1_kings"
Saulites,1,"numbers"
Saviour,10,"2_timothy;baruch;exodus;john;jude;matthew;psalms;titus"
Saviour Jesus,1,"2_peter"
Saviour JESUS,1,"deuteronomy"
Saviour Jesus
Christ,3,"2_peter;2_timothy;apocalypse"
Saviour Jesus Christ,2,"2_peter;titus"
Saw Saul,1,"1_kings"
Scatter,1,"psalms"
scatter cummin,1,"isaias"
Scriptures,3,"2_timothy;matthew"
Scythia,1,"ezechiel"
Seba,1,"2_kings"
Sechem,2,"josue;numbers"
Secundus,1,"acts"
Sedada,1,"numbers"
Sedecias,23,"3_kings;4_kings;baruch;ezechiel;jeremias"
Seek,2,"1_corinthians;isaias"
Seer,1,"1_kings"
Segor,2,"genesis"
Sehon,2,"deuteronomy;josue"
Sela,3,"genesis;josue"
Selcha,1,"deuteronomy"
Selemias,3,"jeremias"
Seleucia,1,"acts"
Seleucus Callinicus,1,"daniel"
Seleucus Ceraunius,1,"daniel"
Seleucus Philopator,1,"daniel"
Selim,1,"josue"
Selmon,2,"judges;psalms"
Selmon the Ahohite,1,"2_kings"
Semaath,1,"4_kings"
Semeber,1,"genesis"
Semeias,3,"3_kings;jeremias"
Semer,1,"3_kings"
Semla,1,"genesis"
Semron,1,"genesis"
Sene,1,"1_kings"
Sennaar,2,"daniel;genesis"
Sennim,1,"judges"
Sensenna,1,"josue"
Sent,1,"john"
Seon,1,"josue"
Seor,2,"genesis"
Sepho,1,"genesis"
Sephora,3,"exodus"
Septuagint,1,"acts"
sepulchre,5,"2_kings;4_kings;acts;john;psalms"
Seraias,1,"4_kings"
Sergius Paulus,1,"acts"
Sesach,1,"jeremias"
Sesai,2,"josue;judges"
Sethri,1,"exodus"
Shall Saul,1,"1_kings"
Shall Semei,1,"2_kings"
shalt thrice,1,"mark"
Shew,2,"exodus;psalms"
shew kindness,1,"genesis"
shew thyself,2,"3_kings;matthew"
Shewn,1,"ecclesiasticus"
Siba,1,"2_kings"
Siceleg,3,"1_kings;josue"
Sidon,16,"2_kings;ezechiel;genesis;isaias;jeremias;josue;luke;mark;matthew"
Sidrach,3,"daniel"
Silas,3,"acts"
Silo,2,"1_kings;jeremias"
Simeon,6,"genesis;josue;judges;luke;numbers"
Simon,31,"acts;colossians;ecclesiasticus;exodus;john;luke;mark;matthew"
Simon
BarJona,1,"matthew"
Simon Peter,10,"2_peter;john;luke;matthew"
Simon Zelotes,1,"acts"
sin,2,"luke;psalms"
Sin,4,"2_corinthians;lamentations;numbers;romans"
Sinai,5,"exodus;judges;numbers"
Sion,49,"2_kings;3_kings;4_kings;baruch;canticle_of_canticles;ecclesiasticus;isaias;jeremias;lamentations;psalms;romans"
Sira,1,"2_kings"
Sisa,1,"3_kings"
Sisai,1,"numbers"
Sisara,4,"1_kings;judges;psalms"
Soba,4,"1_kings;2_kings;3_kings"
Sobach,1,"2_kings"
Sobal,2,"genesis;psalms"
Sobi,1,"2_kings"
Socho,2,"3_kings;josue"
Socoth,1,"josue"
Sodom,2,"ezechiel;jeremias"
Sodomites,3,"2_peter;ezechiel;genesis"
Sohar,1,"genesis"
Sold,1,"3_kings"
Solomon,43,"2_kings;3_kings;4_kings;acts;canticle_of_canticles;ecclesiasticus;jeremias;john;luke;matthew;proverbs;psalms;wisdom"
SOLOMONS,1,"ecclesiastes"
Somer,1,"4_kings"
Son,4,"2_peter;mark;matthew"
Sopater,1,"acts"
Sopher,1,"4_kings"
Sophonias,3,"jeremias"
Sosipater,1,"romans"
Soul,1,"luke"
Spiritu Sancto,1,"psalms"
St Augustine,5,"apocalypse;genesis;matthew;psalms"
St Joseph,1,"luke"
St Luke,2,"john;mark"
St Luke 1,1,"matthew"
St Luke 10 16,1,"matthew"
St Luke 11,1,"matthew"
St Luke 22,1,"matthew"
St Mark 14,1,"matthew"
St Matt,1,"romans"
St Michael,1,"josue"
St Paul,4,"1_timothy;2_timothy;galatians;philippians"
St Peter,1,"matthew"
standeth daily,1,"hebrews"
Stephen,3,"acts"
Sthur,1,"numbers"
sticketh fast,1,"ecclesiasticus"
Stretch,3,"ecclesiasticus;mark;matthew"
Sua,1,"4_kings"
Sue,2,"genesis"
Suham,1,"numbers"
Sunam,1,"4_kings"
Sunamitess,4,"3_kings;4_kings"
Sunem,1,"josue"
Suni,1,"genesis"
Supersubstantial,1,"matthew"
Suph,1,"1_kings"
Supham,1,"numbers"
Suriel,1,"numbers"
Surround Sion,1,"psalms"
Susanna,2,"daniel;luke"
Suthala,1,"numbers"
Suthalaites,1,"numbers"
sweareth much,1,"ecclesiasticus"
sweareth truth,1,"ecclesiastes"
sword,4,"1_kings;ezechiel;josue"
Sword,1,"jeremias"
Syene,1,"ezechiel"
Taberah,1,"numbers"
Tabitha,1,"acts"
Take Mark,1,"2_timothy"
Take Micheas,1,"3_kings"
Taketh Zebee,1,"judges"
Tarry,3,"2_kings;ecclesiasticus;numbers"
Tarsus,1,"acts"
tasteth venison,1,"ecclesiasticus"
Tau,1,"ezechiel"
telleth Andrew,1,"john"
telleth the king,1,"4_kings"
Tertius,1,"romans"
Thahath,1,"numbers"
Thalassa,1,"acts"
Thamar,3,"2_kings;genesis;ruth"
Thamna,1,"genesis"
Thamnas,1,"genesis"
Thamnath Saraa,1,"josue"
Thamnathite,1,"judges"
Thanath,1,"josue"
Thau,1,"ezechiel"
the Galilee,1,"isaias"
the Holy Ghost,9,"1_corinthians;1_john;2_peter;acts;mark"
the Holy Spirit,1,"numbers"
the King,1,"john"
the King of Glory,1,"psalms"
the King of Jacob,1,"isaias"
the King the Lord,1,"isaias"
the Lamb of God,1,"john"
Thebni,1,"3_kings"
Theman,2,"genesis;jeremias"
thenceforward,1,"numbers"
Therefore David,1,"1_kings"
Therefore Michol,1,"2_kings"
Therefore Saul,1,"1_kings"
Thiras,1,"genesis"
this King of Glory,1,"psalms"
Thither,1,"deuteronomy"
Thomas,8,"acts;john;luke;mark;matthew"
Thophel,1,"deuteronomy"
thou comfort,1,"psalms"
thou knewest,2,"matthew;psalms"
thou shalt,2,"deuteronomy;ezechiel"
threefold cord,1,"ecclesiastes"
Thrice,1,"2_corinthians"
Thummim,1,"exodus"
thy
brethren,1,"genesis"
thy brethren,1,"ezechiel"
thy brothel house,1,"ezechiel"
thy Creator,1,"ecclesiastes"
thy Holy
One,1,"acts"
thy masters,1,"2_kings"
Thyatira,2,"apocalypse"
Tim,1,"psalms"
Timon,1,"acts"
Timothy,19,"1_corinthians;1_thessalonians;1_timothy;2_corinthians;2_thessalonians;2_timothy;acts;colossians;hebrews;philemon;philippians"
Timothy and,1,"acts"
Titles,1,"exodus"
Titus Justus,1,"acts"
Torrent,1,"isaias"
Trophimus,2,"2_timothy;acts"
Tryphaena,1,"romans"
tuo,1,"psalms"
Tyre,4,"acts;ezechiel;isaias;psalms"
Uncle,1,"judges"
understandeth time,1,"ecclesiastes"
Urbanus,1,"romans"
Uri,4,"3_kings;exodus"
Urim,1,"exodus"
Uzal,1,"genesis"
Vapsi,1,"numbers"
VEELLE,1,"genesis"
Virgin,2,"matthew;numbers"
Virgin Mary,1,"matthew"
Viri,1,"jeremias"
Virtues,1,"1_peter"
Vomens,1,"proverbs"
Wash,1,"4_kings"
watchman,1,"isaias"
Watchman,1,"isaias"
wherein,5,"3_kings;colossians;exodus;ezechiel;john"
Wherein,1,"colossians"
wherein fig,1,"deuteronomy"
wherein thou,2,"exodus;genesis"
Whereof,2,"colossians;wisdom"
whereof southward,1,"exodus"
Whereupon Joseph,1,"matthew"
Whom,3,"acts;matthew"
Whom Jason,1,"acts"
Whom Moses,1,"numbers"
Witham,1,"luke"
Woe,11,"apocalypse;ezechiel;isaias;jeremias;luke;psalms"
wolf,3,"ecclesiasticus;genesis;isaias"
worketh death,1,"2_corinthians"
worketh miracles,1,"galatians"
worketh patience,1,"james"
worketh pride,1,"proverbs"
Zacharias,8,"4_kings;isaias;luke;matthew;psalms"
Zachary,1,"luke"
Zacheus,1,"luke"
Zain,4,"lamentations"
Zambri,3,"3_kings;4_kings;numbers"
Zaphnah,1,"genesis"
Zara,4,"genesis;matthew"
Zared,1,"deuteronomy"
Zavan,1,"genesis"
Zebedee,9,"john;luke;mark;matthew"
Zebee,2,"judges;psalms"
Zebida,1,"4_kings"
Zechur,1,"numbers"
Zelpha,5,"genesis"
Zenas,1,"titus"
Zio,1,"3_kings"
Ziph,4,"1_kings;josue;psalms"
Zorobabel,1,"matthew"
