Name,Occurrences
143,1
Aaron,4
Abarim,1
Abraham,6
Adam,1
Ammon,2
Ammonites,1
Arnon,2
Aser,2
Basan,1
Battlement,1
Benjamin,2
brethren dwell,1
bush,1
Cadesbarne,2
Cappadocia,1
Chanaanite,1
Chanaanites,1
Command Josue,1
Dan,2
Dathan,1
depart,1
driveth God,1
Edomite,1
Edrai,1
Elath,1
entereth far,1
Ephraim,2
Galaad,2
Gentiles,1
God,34
Haseroth,1
Havoth Jair,1
Hethite,1
Hevite,1
Horeb,1
Inquire,1
Isaac,6
Jacob,7
Jair,1
Jasa,1
Jeboc,2
Jesus,1
Jordan,3
Joseph,2
JOSUE,1
Juda,3
Lev,2
Levi,5
Levite,1
Levitical,1
Libanus,3
Lord,33
Machir,1
Manasses,1
Mary,1
Moab,5
Moabites,1
Mosera,1
mount Nebo,1
Nephtali,3
Num,2
Nun,4
Pharao,1
Ramoth,1
Saviour JESUS,1
Sehon,1
Selcha,1
Thither,1
Thophel,1
thou shalt,1
wherein fig,1
Zared,1
